Variable / Field Name,Form Name,SAS Form Name,Section Header,Field Type,Field Label,"Choices, Calculations, OR Slider Labels",Field Note,Text Validation Type OR Show Slider Number,Text Validation Min,Text Validation Max,Identifier?,Branching Logic (Show field only if...),Required Field?,Left Alignment,Question Number (surveys only),Matrix Group Name,Matrix Ranking?,Field Annotation,Metadata Display Sequence,Version Name,Group Name,Group Branching Equation,Group Type,Section Title,Custom Info,Show Validator,Calc Field Ecuation,Warning message when empty,Screening expression,Measurement Unit,Response Set Label,Medical Dictionary,Rows Columns,Position Row,Position Col,Max allowed rows,Enabled flag,Randomization,Enable Survey,Available on Mobile,Global Response Set,Field Width,Enroll Custom CRF,Descriptive Text Image,Default Value,Custom Info 2,Empty Group Flag,Stratification Variable,Revision Notes,Revision Date,Show Lock Option,Show ESignature Option,Custom Text,Enable Subject Source Flag,Dynamic Form,Enable FHIR Integration,Form Type,Promis Form Oid,Item Oid,Promis Final Score,Response Set Oid,eConsent,Available In Patient Portal,Variable Name Email,Dynamic List Response Set Equation,Dynamic List Type,Dynamic List No Duplicates,Used in Dynamic Fields,Hide in MyHealth,Soft Validation System Generated Query Comment,Randomization expression,CRF Languages,OID JSON,IRB Approval Date,Valid From,Valid To,Show Response Set Value Too,Section Branching Logic,eConsent Screening,eConsent Signature,Soft Validation
{},,,,,,,,,,,,,,,,,,,,,,,,,,,,,,,,,,,,,,,,,,,,,,,,,,,,,,,,,,,,,,,,,,,,,,,,,,,,,,,,,
dob,Demographics,,,Date Box,Date of Birth,,,,,,N,,Y,N,,,,,0,,,,,Demographics,"{""datePartial"":""N"", ""currentDate"":""N"", ""preventFutureDate"":""Y"", ""partialDateYearRequired"":""N"", ""fieldHide"":""N""}",Y,,,,,,,,,,,Y,N,N,N,N,,Y,,,,N,N,,,N,N,Lock this record for this form?,N,N,N,STANDARD,,,N,,N,N,,,,,,N,,,,"{""ITEM_GROUPS_OID"":[""IG_398322_2""],""ITEM_OID"":[""I_474324_DOB""],""SECTION_OID"":[""S_24031""]}",,,,N,,N,N,N
gender,Demographics,,,radio,Sex,"""M, M | F, F  """,,,,,N,,Y,N,,,,,0,,,,,Demographics,"{""horizontalDisplay"":""N"", ""fieldHide"":""N""}",Y,,,,,Gender (1),,,,,,Y,N,N,N,N,,Y,,,,N,N,,,N,N,Lock this record for this form?,N,N,N,STANDARD,,,N,,N,N,,,,,,N,,,,"{""ITEM_GROUPS_OID"":[""IG_398329_3""],""ITEM_OID"":[""I_474338_GENDER""],""SECTION_OID"":[""S_24031""],""RESPONSE_SET_VALUES_OID"":[""340271_340272""]}",,,,N,,N,N,N
language,Demographics,,,select,Language,"""en-AU, Australia - English | fr-BE, Belgium - French | nl-BE, Belgium - Dutch | en-CA, Canada - English | fr-CA, Canada - French | cs-CZ, Czech Republic - Czech | da-DK, Denmark - Danish | fi-FI, Finland - Finnish | fr-FR, France - French | de-DE, Germany - German | hu-HU, Hungary - Hungarian | en-HK, Hong Kong - English | zh-HK, Hong Kong - Traditional Chinese | it-IT, Italy - Italian | ja-JP, Japan - Japanese | es-LA, Latin America - Spanish | es-MX, Mexico - Spanish | nl-NL, Netherlands - Dutch | no-NO, Norway - Norwegian | pl-PL, Poland - Polish | ar-SA, Saudi Arabia - Arabic | sk-SK, Slovakia - Slovak | en-ZA, South Africa - English | es-ES, Spain - Spanish | sv-SE, Sweden - Swedish | zh-TW, Taiwan - Traditional Chinese | en-GB, United Kingdom - English | en-US, US - English | es-US, US - Spanish  """,,,,,N,,Y,N,,,,,0,,,,,Demographics,"{""fieldHide"":""N""}",Y,,,,,Languages,,,,,,Y,N,N,N,N,,Y,,,,N,N,,,N,N,Lock this record for this form?,N,N,N,STANDARD,,,N,,N,N,,,,N,Y,N,,,,"{""ITEM_GROUPS_OID"":[""IG_398335_4""],""ITEM_OID"":[""I_474346_LANGUAGE""],""SECTION_OID"":[""S_24031""],""RESPONSE_SET_VALUES_OID"":[""340273_340274_340275_340276_340277_340278_340279_340280_340281_340282_340283_340284_340285_340286_340287_340288_340289_340290_340291_340292_340293_340294_340295_340296_340297_340298_340299_340300_340301""]}",,,,N,,N,N,N
,Begin Cogstate Battery,,,,,,,,,,,,,N,,,,,1,,"<div style=""background-color:#9E007E;border:thin solid;"">  <div style=""padding:1%; font-size: 2em;margin-top: 0.67em;margin-bottom: 0.67em;margin-left: 0;margin-right: 0;font-weight: bold;text-align:center;"">   <div style=""color:white; text-align:left;"">    Cogstate Battery   </div>  </div> </div> <div style=""background-color:#FFFFFF;"">  <div style=""border:thin solid;"">   <div style=""font-weight:normal;text-align:left; padding:5px;"">   Please enter the subject's Date of Birth below. The Cogstate Battery will only appear if the DOB you entered matches the one provided when entering the subjectâ€™s Demographics. <div style=""display:inline;color: #9E007E;font-weight:bold; ""> If the Cogstate Battery does not appear, please return to the Demographics CRF to ensure the Date of Birth provided is correct. </div> <br> <br> Once the DOB is confirmed, please select <div style=""display:inline;color: #9E007E;font-weight:bold; ""> Begin Assessment </div> when you are ready to begin the Cogstate Battery. This will prompt the battery to open in a separate window. <br> <br> Once complete, <div style=""display:inline;color: #9E007E;font-weight:bold; "">  you will be directed back to this page to enter any comments regarding the test </div> </div>   </div>  </div>",,Non Repeating,Begin Battery,,N,,,,,,,,,,,Y,N,N,Y,N,,N,,,,Y,N,,,N,N,Lock this record for this form?,N,N,N,STANDARD,,,N,,N,N,,,,,,N,,,,,,,,N,,N,N,N
dobvisit,Begin Cogstate Battery,,,Date Box,Confirmation of Subject's Date of Birth,,"Please confirm the subject's date of birth. If the ""Begin Cogstate Battery"" button does not appear, please return to the Demographics CRF to ensure the Date of Birth provided is correct.",,,,N,,Y,N,,,,,0,,,,,Begin Battery,"{""datePartial"":""N"", ""currentDate"":""N"", ""preventFutureDate"":""Y"", ""partialDateYearRequired"":""N"", ""fieldHide"":""N""}",Y,,,,,,,,,,,Y,N,N,Y,N,,N,,,,N,N,,,N,N,Lock this record for this form?,N,N,N,STANDARD,,,N,,N,N,,,,,,N,,,,"{""ITEM_GROUPS_OID"":[""IG_398305_3""],""ITEM_OID"":[""I_474314_DOBVISIT""],""SECTION_OID"":[""S_24032""]}",,,,N,,N,N,N
,Begin Cogstate Battery,,,Cogstate Battery,Cogstate Battery,,,,,,N,[dobvisit]=[dob],N,N,,,,,2,,,,,Begin Battery,"{""label"":""Begin Assessment"", ""url"":""https://cgst-qcpd.azurewebsites.net/api/external/v2"", ""key"":""124cefd1-ae9b-4de7-9727-2661bdea5300"", ""secret"":""7879f45c-6ca0-4bb6-a84d-9afbcc4e7029"", ""execStatusVariable"":""ExecutionStatus"", ""dob_variable"":""dob"", ""sex_variable"":""gender"", ""lang_variable"":""language"", ""fieldHide"":""N""}",Y,,,,,,,,,,,Y,N,N,Y,N,,N,,,,N,N,,,N,N,Lock this record for this form?,N,N,N,STANDARD,,,N,,N,N,,,,N,N,N,,,,"{""ITEM_GROUPS_OID"":[""IG_398310_4""],""ITEM_OID"":[""I_474317_474317""],""SECTION_OID"":[""S_24032""]}",,,,N,,N,N,N
ExecutionStatus,Begin Cogstate Battery,,,text,Execution Status,,,,,,N,,N,N,,,,,0,,,,,Begin Battery,"{""fieldHide"":""Y""}",Y,,,,,,,,,,,Y,N,N,Y,N,,N,,,,N,N,,,N,N,Lock this record for this form?,N,N,N,STANDARD,,,N,,N,N,,,,,,N,,,,"{""ITEM_GROUPS_OID"":[""IG_398311_5""],""ITEM_OID"":[""I_474323_EXECUTIONSTATUS""],""SECTION_OID"":[""S_24032""]}",,,,N,,N,N,N
,Begin Cogstate Battery,,,,,,,,,,,,,N,,,,,5,,"<div style=""background-color:#FFFFFF;"">     <div style=""border:thin solid;"">         <div style=""font-weight:normal;text-align:left; padding:5px;""> Once the Cogstate Battery is complete, please navigate to the              <div style=""display:inline;color: #9E007E;font-weight:bold; "">             Cogstate Battery Comments CRF </div>             <br>             <br> Please allow up to 10 minutes for data to populate in the CRF          </div>     </div> </div>",,Non Repeating,Begin Battery,,N,,,,,,,,,,,Y,N,N,Y,N,,N,,,,Y,N,,,N,N,Lock this record for this form?,N,N,N,STANDARD,,,N,,N,N,,,,,,N,,,,,,,,N,,N,N,N
comments_yes_no,Cogstate Battery Comments and Data Confirmation,,,yesno,Did anything occur during the session that may have impacted the quality of the data collected?<div><br></div><div>Examples of such can include:&#xa0;</div><div><br></div><div><div>- Environmental Distractions&#xa0;</div><div>- Reasons for Delay</div><div>- Refusal to complete tests</div><div>- Technical difficulties with hardware or software</div></div>,,,,,,N,,Y,N,,,,,1,,"<div style=""background-color:#9E007E;border:thin solid;"">     <div style=""padding:1%; font-size: 2em;margin-top: 0.67em;margin-bottom: 0.67em;margin-left: 0;margin-right: 0;font-weight: bold;text-align:center;"">         <div style=""color:white; text-align:left;""> Cogstate Battery Comments </div>     </div> </div> <div style=""background-color:#FFFFFF;"">     <div style=""border:thin solid;"">         <div style=""font-weight:normal;text-align:left; padding:5px;"">              <div style=""display:inline;color: #9E007E;font-weight:bold; ""> Please fill out the CRF below to document if anything occured while administering the Cogstate Battery that might impact the quality of the data.   </div>                 <br>                 <br>                  <div style=""display:inline;color:black;font-weight:normal""> Once complete, please click ""Data Confirmation"" above </div>         </div>     </div> </div>",,Non Repeating,Comments,"{""fieldHide"":""N""}",Y,,,,,,,,,,,Y,N,N,N,N,,N,,,,N,N,,,N,N,Lock this record for this form?,N,N,N,STANDARD,,,N,,N,N,,,,N,N,N,,,,"{""ITEM_GROUPS_OID"":[""IG_398307_2""],""ITEM_OID"":[""I_474315_COMMENTS_YES_NO""],""SECTION_OID"":[""S_24033""]}",,,,N,,N,N,N
,Cogstate Battery Comments and Data Confirmation,,,New Section,Please Enter Comments about the Cogstate Test Session,,,,,,N,[comments_yes_no]=1,N,N,,,,,2,,"<div style=""background-color:#9E007E;border:thin solid;"">     <div style=""padding:1%; font-size: 2em;margin-top: 0.67em;margin-bottom: 0.67em;margin-left: 0;margin-right: 0;font-weight: bold;text-align:center;"">         <div style=""color:white; text-align:left;""> Cogstate Battery Comments </div>     </div> </div> <div style=""background-color:#FFFFFF;"">     <div style=""border:thin solid;"">         <div style=""font-weight:normal;text-align:left; padding:5px;"">              <div style=""display:inline;color: #9E007E;font-weight:bold; ""> Please fill out the CRF below to document if anything occured while administering the Cogstate Battery that might impact the quality of the data.   </div>                 <br>                 <br>                  <div style=""display:inline;color:black;font-weight:normal""> Once complete, please click ""Data Confirmation"" above </div>         </div>     </div> </div>",,Non Repeating,Comments,"{""fieldHide"":""N""}",Y,,,,,,,,,,,Y,N,N,N,N,,N,,,,N,N,,,N,N,Lock this record for this form?,N,N,N,STANDARD,,,N,,N,N,,,,,,N,,,,"{""ITEM_GROUPS_OID"":[""IG_398307_2""],""ITEM_OID"":[""I_474318_PLEASE_ENTER_COMMENT_2_1CD68C28""],""SECTION_OID"":[""S_24033""]}",,,,N,,N,N,N
comments_detail,Cogstate Battery Comments and Data Confirmation,,,select,"Please inform us of any factors that our scientists should take into account while analyzing this data.<div><br></div><div><br></div><div><b><u><font color=""#ff0000"">Do NOT include AE/SAE detail or if the Subject did well.</font></u></b></div>","""1, Environmental Distractions | 2, Delay of Test | 3, Refusal to Complete Test | 4, Technical Difficulties | 5, Other  """,,,,,N,[comments_yes_no]=1,Y,N,,,,,3,,"<div style=""background-color:#9E007E;border:thin solid;"">     <div style=""padding:1%; font-size: 2em;margin-top: 0.67em;margin-bottom: 0.67em;margin-left: 0;margin-right: 0;font-weight: bold;text-align:center;"">         <div style=""color:white; text-align:left;""> Cogstate Battery Comments </div>     </div> </div> <div style=""background-color:#FFFFFF;"">     <div style=""border:thin solid;"">         <div style=""font-weight:normal;text-align:left; padding:5px;"">              <div style=""display:inline;color: #9E007E;font-weight:bold; ""> Please fill out the CRF below to document if anything occured while administering the Cogstate Battery that might impact the quality of the data.   </div>                 <br>                 <br>                  <div style=""display:inline;color:black;font-weight:normal""> Once complete, please click ""Data Confirmation"" above </div>         </div>     </div> </div>",,Non Repeating,Comments,"{""fieldHide"":""N""}",Y,,"If you indicated that there was an impact on the quality of the data, please let us know why.",,,Comments,,,,,,Y,N,N,N,N,,N,,,,N,N,,,N,N,Lock this record for this form?,N,N,N,STANDARD,,,N,,N,N,,,,N,N,N,,,,"{""ITEM_GROUPS_OID"":[""IG_398307_2""],""ITEM_OID"":[""I_474322_COMMENTS_DETAIL""],""SECTION_OID"":[""S_24033""],""RESPONSE_SET_VALUES_OID"":[""340266_340267_340268_340269_340270""]}",,,,N,,N,N,N
comments_notes_ts,Cogstate Battery Comments and Data Confirmation,,,notes,"If you selected ""Technical Difficulties"" please describe your issue so that a Cogstate Technical Services representative can investigate.",,,,,,N,[comments_detail]=4,N,Y,,,,,4,,"<div style=""background-color:#9E007E;border:thin solid;"">     <div style=""padding:1%; font-size: 2em;margin-top: 0.67em;margin-bottom: 0.67em;margin-left: 0;margin-right: 0;font-weight: bold;text-align:center;"">         <div style=""color:white; text-align:left;""> Cogstate Battery Comments </div>     </div> </div> <div style=""background-color:#FFFFFF;"">     <div style=""border:thin solid;"">         <div style=""font-weight:normal;text-align:left; padding:5px;"">              <div style=""display:inline;color: #9E007E;font-weight:bold; ""> Please fill out the CRF below to document if anything occured while administering the Cogstate Battery that might impact the quality of the data.   </div>                 <br>                 <br>                  <div style=""display:inline;color:black;font-weight:normal""> Once complete, please click ""Data Confirmation"" above </div>         </div>     </div> </div>",,Non Repeating,Comments,"{""fieldHide"":""N""}",Y,,,,,,,,,,,Y,N,N,N,N,,N,,,,N,N,,,N,N,Lock this record for this form?,N,N,N,STANDARD,,,N,,N,N,,,,N,N,N,,,,"{""ITEM_GROUPS_OID"":[""IG_398307_2""],""ITEM_OID"":[""I_474328_COMMENTS_NOTES_TS""],""SECTION_OID"":[""S_24033""]}",,,,N,,N,N,N
comments_notes,Cogstate Battery Comments and Data Confirmation,,,notes,"If you selected ""Other"", please describe any factors that our scientists should take into account when analyzing this data.&#xa0;<div><br></div><div><font color=""#ff0000""><b><u>Do NOT include any AE/SAE detail&#xa0;</u></b></font></div>",,,,,,N,[comments_detail]=5,N,Y,,,,,5,,"<div style=""background-color:#9E007E;border:thin solid;"">     <div style=""padding:1%; font-size: 2em;margin-top: 0.67em;margin-bottom: 0.67em;margin-left: 0;margin-right: 0;font-weight: bold;text-align:center;"">         <div style=""color:white; text-align:left;""> Cogstate Battery Comments </div>     </div> </div> <div style=""background-color:#FFFFFF;"">     <div style=""border:thin solid;"">         <div style=""font-weight:normal;text-align:left; padding:5px;"">              <div style=""display:inline;color: #9E007E;font-weight:bold; ""> Please fill out the CRF below to document if anything occured while administering the Cogstate Battery that might impact the quality of the data.   </div>                 <br>                 <br>                  <div style=""display:inline;color:black;font-weight:normal""> Once complete, please click ""Data Confirmation"" above </div>         </div>     </div> </div>",,Non Repeating,Comments,"{""fieldHide"":""N""}",Y,,,,,,,,,,,Y,N,N,N,N,,N,,,,N,N,,,N,N,Lock this record for this form?,N,N,N,STANDARD,,,N,,N,N,,,,N,N,N,,,,"{""ITEM_GROUPS_OID"":[""IG_398307_2""],""ITEM_OID"":[""I_474331_COMMENTS_NOTES""],""SECTION_OID"":[""S_24033""]}",,,,N,,N,N,N
data_receipt,Cogstate Battery Comments and Data Confirmation,,,calc,Has data been received for this assessment?,,,,,,N,,N,N,,,,,1,,"<div style=""background-color:#9E007E;border:thin solid;"">     <div style=""padding:1%; font-size: 2em;margin-top: 0.67em;margin-bottom: 0.67em;margin-left: 0;margin-right: 0;font-weight: bold;text-align:center;"">         <div style=""color:white; text-align:left;""> Confirmation of Data Received </div>     </div> </div> <div style=""background-color:#FFFFFF;"">     <div style=""border:thin solid;"">         <div style=""font-weight:normal;text-align:left; padding:5px;"">              <div style=""display:inline;color: #9E007E;font-weight:bold; ""> If data has not been received, please refresh your browser and allow up to 10 minutes for data to populate in the CRF  </div>             <br>             <br> If data has not been received in 10 minutes, please use the Support icon on the left hand men menu to contact your Cogstate Site Services Manager.          </div>     </div> </div>",,Non Repeating,Data Confirmation,"{""fieldHide"":""N""}",Y,"if([SessionDuration]>0, ""Yes"", ""Pending"")",,,,,,,,,,Y,N,N,N,N,,N,,,,N,N,,,N,N,Lock this record for this form?,N,N,N,STANDARD,,,N,,N,N,,,,N,N,N,,,,"{""ITEM_GROUPS_OID"":[""IG_398304_2""],""ITEM_OID"":[""I_474312_DATA_RECEIPT""],""SECTION_OID"":[""S_24034""]}",,,,N,,N,N,N
test_date,Cogstate Battery Comments and Data Confirmation,,,calc,Date of Completed Test,,,,,,N,,N,N,,,,,2,,"<div style=""background-color:#9E007E;border:thin solid;"">     <div style=""padding:1%; font-size: 2em;margin-top: 0.67em;margin-bottom: 0.67em;margin-left: 0;margin-right: 0;font-weight: bold;text-align:center;"">         <div style=""color:white; text-align:left;""> Confirmation of Data Received </div>     </div> </div> <div style=""background-color:#FFFFFF;"">     <div style=""border:thin solid;"">         <div style=""font-weight:normal;text-align:left; padding:5px;"">              <div style=""display:inline;color: #9E007E;font-weight:bold; ""> If data has not been received, please refresh your browser and allow up to 10 minutes for data to populate in the CRF  </div>             <br>             <br> If data has not been received in 10 minutes, please use the Support icon on the left hand men menu to contact your Cogstate Site Services Manager.          </div>     </div> </div>",,Non Repeating,Data Confirmation,"{""fieldHide"":""N""}",Y,[UploadedDate],,,,,,,,,,Y,N,N,N,N,,N,,,,N,N,,,N,N,Lock this record for this form?,N,N,N,STANDARD,,,N,,N,N,,,,N,N,N,,,,"{""ITEM_GROUPS_OID"":[""IG_398304_2""],""ITEM_OID"":[""I_474320_TEST_DATE""],""SECTION_OID"":[""S_24034""]}",,,,N,,N,N,N
DetectionPrimaryOutcome,Cogstate Battery CRF - CBB,,,calc,Detection Primary Outcome,,,,,,N,,N,N,,,,,0,,,,,Detection,"{""fieldHide"":""N""}",Y,[DetectionReactionTime],,,,,,,,,,Y,N,N,N,N,,N,,,,N,N,,,N,N,,N,N,N,STANDARD,,,N,,N,N,,,,,,N,,,,"{""ITEM_GROUPS_OID"":[""IG_398309_2""],""ITEM_OID"":[""I_474313_DETECTIONPRIMARYOUTCOME""],""SECTION_OID"":[""S_24036""]}",,,,N,,N,N,N
DetectionReactionTime,Cogstate Battery CRF - CBB,,,Number Box (Decimal),Reaction Time,,,,,,N,,N,N,,,,,0,,,,,Detection,"{""fieldHide"":""N""}",Y,,,,,,,,,,,Y,N,N,N,N,,N,,,,N,N,,,N,N,,N,N,N,STANDARD,,,N,,N,N,,,,,,N,,,,"{""ITEM_GROUPS_OID"":[""IG_398404_3""],""ITEM_OID"":[""I_474415_DETECTIONREACTIONTIME""],""SECTION_OID"":[""S_24036""]}",,,,N,,N,N,N
DetectionRawReactionTime,Cogstate Battery CRF - CBB,,,Number Box (Decimal),Raw Reaction Time<br>,,,,,,N,,N,N,,,,,0,,,,,Detection,"{""fieldHide"":""N""}",Y,,,,,,,,,,,Y,N,N,N,N,,N,,,,N,N,,,N,N,,N,N,N,STANDARD,,,N,,N,N,,,,,,N,,,,"{""ITEM_GROUPS_OID"":[""IG_398406_4""],""ITEM_OID"":[""I_474416_DETECTIONRAWREACTIONTIME""],""SECTION_OID"":[""S_24036""]}",,,,N,,N,N,N
DetectionRTVariability,Cogstate Battery CRF - CBB,,,Number Box (Decimal),RT Variability,,,,,,N,,N,N,,,,,0,,,,,Detection,"{""fieldHide"":""N""}",Y,,,,,,,,,,,Y,N,N,N,N,,N,,,,N,N,,,N,N,,N,N,N,STANDARD,,,N,,N,N,,,,,,N,,,,"{""ITEM_GROUPS_OID"":[""IG_398408_5""],""ITEM_OID"":[""I_474419_DETECTIONRTVARIABILITY""],""SECTION_OID"":[""S_24036""]}",,,,N,,N,N,N
DetectionRawRTVariability,Cogstate Battery CRF - CBB,,,Number Box (Decimal),Raw RT Variability,,,,,,N,,N,N,,,,,0,,,,,Detection,"{""fieldHide"":""N""}",Y,,,,,,,,,,,Y,N,N,N,N,,N,,,,N,N,,,N,N,,N,N,N,STANDARD,,,N,,N,N,,,,,,N,,,,"{""ITEM_GROUPS_OID"":[""IG_398411_6""],""ITEM_OID"":[""I_474422_DETECTIONRAWRTVARIABILITY""],""SECTION_OID"":[""S_24036""]}",,,,N,,N,N,N
DetectionAccuracy,Cogstate Battery CRF - CBB,,,Number Box (Decimal),Accuracy,,,,,,N,,N,N,,,,,0,,,,,Detection,"{""fieldHide"":""N""}",Y,,,,,,,,,,,Y,N,N,N,N,,N,,,,N,N,,,N,N,,N,N,N,STANDARD,,,N,,N,N,,,,,,N,,,,"{""ITEM_GROUPS_OID"":[""IG_398412_7""],""ITEM_OID"":[""I_474423_DETECTIONACCURACY""],""SECTION_OID"":[""S_24036""]}",,,,N,,N,N,N
DetectionRawAccuracy,Cogstate Battery CRF - CBB,,,Number Box (Decimal),Raw Accuracy,,,,,,N,,N,N,,,,,0,,,,,Detection,"{""fieldHide"":""N""}",Y,,,,,,,,,,,Y,N,N,N,N,,N,,,,N,N,,,N,N,,N,N,N,STANDARD,,,N,,N,N,,,,,,N,,,,"{""ITEM_GROUPS_OID"":[""IG_398414_8""],""ITEM_OID"":[""I_474425_DETECTIONRAWACCURACY""],""SECTION_OID"":[""S_24036""]}",,,,N,,N,N,N
DetectionTotalTrials,Cogstate Battery CRF - CBB,,,Number Box (Decimal),Total Trials,,,,,,N,,N,N,,,,,0,,,,,Detection,"{""fieldHide"":""N""}",Y,,,,,,,,,,,Y,N,N,N,N,,N,,,,N,N,,,N,N,,N,N,N,STANDARD,,,N,,N,N,,,,,,N,,,,"{""ITEM_GROUPS_OID"":[""IG_398415_9""],""ITEM_OID"":[""I_474426_DETECTIONTOTALTRIALS""],""SECTION_OID"":[""S_24036""]}",,,,N,,N,N,N
DetectionTotalResponses,Cogstate Battery CRF - CBB,,,Number Box (Decimal),Total Responses,,,,,,N,,N,N,,,,,0,,,,,Detection,"{""fieldHide"":""N""}",Y,,,,,,,,,,,Y,N,N,N,N,,N,,,,N,N,,,N,N,,N,N,N,STANDARD,,,N,,N,N,,,,,,N,,,,"{""ITEM_GROUPS_OID"":[""IG_398416_10""],""ITEM_OID"":[""I_474427_DETECTIONTOTALRESPONSES""],""SECTION_OID"":[""S_24036""]}",,,,N,,N,N,N
DetectionTotalCorrectExclPant,Cogstate Battery CRF - CBB,,,Number Box (Decimal),Total Correct Excl Pant,,,,,,N,,N,N,,,,,0,,,,,Detection,"{""fieldHide"":""N""}",Y,,,,,,,,,,,Y,N,N,N,N,,N,,,,N,N,,,N,N,,N,N,N,STANDARD,,,N,,N,N,,,,,,N,,,,"{""ITEM_GROUPS_OID"":[""IG_398417_11""],""ITEM_OID"":[""I_474428_DETECTIONTOTALCORRECTEXCLPANT""],""SECTION_OID"":[""S_24036""]}",,,,N,,N,N,N
DetectionTotalCorrect,Cogstate Battery CRF - CBB,,,Number Box (Decimal),Total Correct,,,,,,N,,N,N,,,,,0,,,,,Detection,"{""fieldHide"":""N""}",Y,,,,,,,,,,,Y,N,N,N,N,,N,,,,N,N,,,N,N,,N,N,N,STANDARD,,,N,,N,N,,,,,,N,,,,"{""ITEM_GROUPS_OID"":[""IG_398418_12""],""ITEM_OID"":[""I_474429_DETECTIONTOTALCORRECT""],""SECTION_OID"":[""S_24036""]}",,,,N,,N,N,N
DetectionTotalErrors,Cogstate Battery CRF - CBB,,,Number Box (Decimal),Total Errors,,,,,,N,,N,N,,,,,0,,,,,Detection,"{""fieldHide"":""N""}",Y,,,,,,,,,,,Y,N,N,N,N,,N,,,,N,N,,,N,N,,N,N,N,STANDARD,,,N,,N,N,,,,,,N,,,,"{""ITEM_GROUPS_OID"":[""IG_398419_13""],""ITEM_OID"":[""I_474430_DETECTIONTOTALERRORS""],""SECTION_OID"":[""S_24036""]}",,,,N,,N,N,N
DetectionRuleBreakErrors,Cogstate Battery CRF - CBB,,,Number Box (Decimal),Rule Break Errors,,,,,,N,,N,N,,,,,0,,,,,Detection,"{""fieldHide"":""N""}",Y,,,,,,,,,,,Y,N,N,N,N,,N,,,,N,N,,,N,N,,N,N,N,STANDARD,,,N,,N,N,,,,,,N,,,,"{""ITEM_GROUPS_OID"":[""IG_398420_14""],""ITEM_OID"":[""I_474431_DETECTIONRULEBREAKERRORS""],""SECTION_OID"":[""S_24036""]}",,,,N,,N,N,N
DetectionTotalAnticipatory,Cogstate Battery CRF - CBB,,,Number Box (Decimal),Total Anticipatory,,,,,,N,,N,N,,,,,0,,,,,Detection,"{""fieldHide"":""N""}",Y,,,,,,,,,,,Y,N,N,N,N,,N,,,,N,N,,,N,N,,N,N,N,STANDARD,,,N,,N,N,,,,,,N,,,,"{""ITEM_GROUPS_OID"":[""IG_398421_15""],""ITEM_OID"":[""I_474432_DETECTIONTOTALANTICIPATORY""],""SECTION_OID"":[""S_24036""]}",,,,N,,N,N,N
DetectionTotalPost,Cogstate Battery CRF - CBB,,,Number Box (Decimal),Total Post,,,,,,N,,N,N,,,,,0,,,,,Detection,"{""fieldHide"":""N""}",Y,,,,,,,,,,,Y,N,N,N,N,,N,,,,N,N,,,N,N,,N,N,N,STANDARD,,,N,,N,N,,,,,,N,,,,"{""ITEM_GROUPS_OID"":[""IG_398422_16""],""ITEM_OID"":[""I_474433_DETECTIONTOTALPOST""],""SECTION_OID"":[""S_24036""]}",,,,N,,N,N,N
DetectionTotalMaxOut,Cogstate Battery CRF - CBB,,,Number Box (Decimal),Total Max Out,,,,,,N,,N,N,,,,,0,,,,,Detection,"{""fieldHide"":""N""}",Y,,,,,,,,,,,Y,N,N,N,N,,N,,,,N,N,,,N,N,,N,N,N,STANDARD,,,N,,N,N,,,,,,N,,,,"{""ITEM_GROUPS_OID"":[""IG_398423_17""],""ITEM_OID"":[""I_474434_DETECTIONTOTALMAXOUT""],""SECTION_OID"":[""S_24036""]}",,,,N,,N,N,N
DetectionTestDuration,Cogstate Battery CRF - CBB,,,Number Box (Decimal),Test Duration,,,,,,N,,N,N,,,,,0,,,,,Detection,"{""fieldHide"":""N""}",Y,,,,,,,,,,,Y,N,N,N,N,,N,,,,N,N,,,N,N,,N,N,N,STANDARD,,,N,,N,N,,,,,,N,,,,"{""ITEM_GROUPS_OID"":[""IG_398424_18""],""ITEM_OID"":[""I_474435_DETECTIONTESTDURATION""],""SECTION_OID"":[""S_24036""]}",,,,N,,N,N,N
DetectionTestCompletion,Cogstate Battery CRF - CBB,,,Number Box (Decimal),Test Completion Pass,,,,,,N,,N,N,,,,,0,,,,,Detection,"{""fieldHide"":""N""}",Y,,,,,,,,,,,Y,N,N,N,N,,N,,,,N,N,,,N,N,,N,N,N,STANDARD,,,N,,N,N,,,,,,N,,,,"{""ITEM_GROUPS_OID"":[""IG_398425_19""],""ITEM_OID"":[""I_474436_DETECTIONTESTCOMPLETION""],""SECTION_OID"":[""S_24036""]}",,,,N,,N,N,N
DetectionTestPerformance,Cogstate Battery CRF - CBB,,,Number Box (Decimal),Test Performance Pass,,,,,,N,,N,N,,,,,0,,,,,Detection,"{""fieldHide"":""N""}",Y,,,,,,,,,,,Y,N,N,N,N,,N,,,,N,N,,,N,N,,N,N,N,STANDARD,,,N,,N,N,,,,,,N,,,,"{""ITEM_GROUPS_OID"":[""IG_398426_20""],""ITEM_OID"":[""I_474437_DETECTIONTESTPERFORMANCE""],""SECTION_OID"":[""S_24036""]}",,,,N,,N,N,N
DetectionTestIntegrity,Cogstate Battery CRF - CBB,,,Number Box (Decimal),Test Integrity Pass,,,,,,N,,N,N,,,,,0,,,,,Detection,"{""fieldHide"":""N""}",Y,,,,,,,,,,,Y,N,N,N,N,,N,,,,N,N,,,N,N,,N,N,N,STANDARD,,,N,,N,N,,,,,,N,,,,"{""ITEM_GROUPS_OID"":[""IG_398427_21""],""ITEM_OID"":[""I_474438_DETECTIONTESTINTEGRITY""],""SECTION_OID"":[""S_24036""]}",,,,N,,N,N,N
DetectionStandardScoreZ,Cogstate Battery CRF - CBB,,,Number Box (Decimal),Standard Score Z,,,,,,N,,N,N,,,,,0,,,,,Detection,"{""fieldHide"":""N""}",Y,,,,,,,,,,,Y,N,N,N,N,,N,,,,N,N,,,N,N,,N,N,N,STANDARD,,,N,,N,N,,,,,,N,,,,"{""ITEM_GROUPS_OID"":[""IG_398428_22""],""ITEM_OID"":[""I_474439_DETECTIONSTANDARDSCOREZ""],""SECTION_OID"":[""S_24036""]}",,,,N,,N,N,N
DetectionStandardScoreT,Cogstate Battery CRF - CBB,,,Number Box (Decimal),Standard Score T,,,,,,N,,N,N,,,,,0,,,,,Detection,"{""fieldHide"":""N""}",Y,,,,,,,,,,,Y,N,N,N,N,,N,,,,N,N,,,N,N,,N,N,N,STANDARD,,,N,,N,N,,,,,,N,,,,"{""ITEM_GROUPS_OID"":[""IG_398429_23""],""ITEM_OID"":[""I_474440_DETECTIONSTANDARDSCORET""],""SECTION_OID"":[""S_24036""]}",,,,N,,N,N,N
DetectionChangeScore,Cogstate Battery CRF - CBB,,,Number Box (Decimal),Change Score,,,,,,N,,N,N,,,,,0,,,,,Detection,"{""fieldHide"":""N""}",Y,,,,,,,,,,,Y,N,N,N,N,,N,,,,N,N,,,N,N,,N,N,N,STANDARD,,,N,,N,N,,,,,,N,,,,"{""ITEM_GROUPS_OID"":[""IG_398430_24""],""ITEM_OID"":[""I_474441_DETECTIONCHANGESCORE""],""SECTION_OID"":[""S_24036""]}",,,,N,,N,N,N
DetectionTestVersion,Cogstate Battery CRF - CBB,,,text,Test Version,,,,,,N,,N,N,,,,,0,,,,,Detection,"{""fieldHide"":""N""}",Y,,,,,,,,,,,Y,N,N,N,N,,N,,,,N,N,,,N,N,,N,N,N,STANDARD,,,N,,N,N,,,,,,N,,,,"{""ITEM_GROUPS_OID"":[""IG_398431_25""],""ITEM_OID"":[""I_474442_DETECTIONTESTVERSION""],""SECTION_OID"":[""S_24036""]}",,,,N,,N,N,N
DetectionTestPhase,Cogstate Battery CRF - CBB,,,text,Test Phase,,,,,,N,,N,N,,,,,0,,,,,Detection,"{""fieldHide"":""N""}",Y,,,,,,,,,,,Y,N,N,N,N,,N,,,,N,N,,,N,N,,N,N,N,STANDARD,,,N,,N,N,,,,,,N,,,,"{""ITEM_GROUPS_OID"":[""IG_398432_26""],""ITEM_OID"":[""I_474443_DETECTIONTESTPHASE""],""SECTION_OID"":[""S_24036""]}",,,,N,,N,N,N
IdentificationPrimaryOutcome,Cogstate Battery CRF - CBB,,,calc,Identification Primary Outcome,,,,,,N,,N,N,,,,,0,,,,,Identification,"{""fieldHide"":""N""}",Y,[IdentificationReactionTime],,,,,,,,,,Y,N,N,N,N,,N,,,,N,N,,,N,N,,N,N,N,STANDARD,,,N,,N,N,,,,,,N,,,,"{""ITEM_GROUPS_OID"":[""IG_398319_2""],""ITEM_OID"":[""I_474327_IDENTIFICATIONPRIMARYOUTCOME""],""SECTION_OID"":[""S_24037""]}",,,,N,,N,N,N
IdentificationReactionTime,Cogstate Battery CRF - CBB,,,Number Box (Decimal),Reaction Time,,,,,,N,,N,N,,,,,0,,,,,Identification,"{""fieldHide"":""N""}",Y,,,,,,,,,,,Y,N,N,N,N,,N,,,,N,N,,,N,N,,N,N,N,STANDARD,,,N,,N,N,,,,,,N,,,,"{""ITEM_GROUPS_OID"":[""IG_398324_3""],""ITEM_OID"":[""I_474332_IDENTIFICATIONREACTIONTIME""],""SECTION_OID"":[""S_24037""]}",,,,N,,N,N,N
IdentificationRawReactionTime,Cogstate Battery CRF - CBB,,,Number Box (Decimal),Raw Reaction Time,,,,,,N,,N,N,,,,,0,,,,,Identification,"{""fieldHide"":""N""}",Y,,,,,,,,,,,Y,N,N,N,N,,N,,,,N,N,,,N,N,,N,N,N,STANDARD,,,N,,N,N,,,,,,N,,,,"{""ITEM_GROUPS_OID"":[""IG_398327_4""],""ITEM_OID"":[""I_474340_IDENTIFICATIONRAWREACTIONTIME""],""SECTION_OID"":[""S_24037""]}",,,,N,,N,N,N
IdentificationRTVariability,Cogstate Battery CRF - CBB,,,Number Box (Decimal),RT Variability,,,,,,N,,N,N,,,,,0,,,,,Identification,"{""fieldHide"":""N""}",Y,,,,,,,,,,,Y,N,N,N,N,,N,,,,N,N,,,N,N,,N,N,N,STANDARD,,,N,,N,N,,,,,,N,,,,"{""ITEM_GROUPS_OID"":[""IG_398328_5""],""ITEM_OID"":[""I_474343_IDENTIFICATIONRTVARIABILITY""],""SECTION_OID"":[""S_24037""]}",,,,N,,N,N,N
IdentificationRawRTVariability,Cogstate Battery CRF - CBB,,,Number Box (Decimal),Raw RT Variability,,,,,,N,,N,N,,,,,0,,,,,Identification,"{""fieldHide"":""N""}",Y,,,,,,,,,,,Y,N,N,N,N,,N,,,,N,N,,,N,N,,N,N,N,STANDARD,,,N,,N,N,,,,,,N,,,,"{""ITEM_GROUPS_OID"":[""IG_398334_6""],""ITEM_OID"":[""I_474345_IDENTIFICATIONRAWRTVARIABILITY""],""SECTION_OID"":[""S_24037""]}",,,,N,,N,N,N
IdentificationAccuracy,Cogstate Battery CRF - CBB,,,Number Box (Decimal),Accuracy,,,,,,N,,N,N,,,,,0,,,,,Identification,"{""fieldHide"":""N""}",Y,,,,,,,,,,,Y,N,N,N,N,,N,,,,N,N,,,N,N,,N,N,N,STANDARD,,,N,,N,N,,,,,,N,,,,"{""ITEM_GROUPS_OID"":[""IG_398339_7""],""ITEM_OID"":[""I_474350_IDENTIFICATIONACCURACY""],""SECTION_OID"":[""S_24037""]}",,,,N,,N,N,N
IdentificationRawAccuracy,Cogstate Battery CRF - CBB,,,Number Box (Decimal),Raw Accuracy,,,,,,N,,N,N,,,,,0,,,,,Identification,"{""fieldHide"":""N""}",Y,,,,,,,,,,,Y,N,N,N,N,,N,,,,N,N,,,N,N,,N,N,N,STANDARD,,,N,,N,N,,,,,,N,,,,"{""ITEM_GROUPS_OID"":[""IG_398343_8""],""ITEM_OID"":[""I_474355_IDENTIFICATIONRAWACCURACY""],""SECTION_OID"":[""S_24037""]}",,,,N,,N,N,N
IdentificationTotalTrials,Cogstate Battery CRF - CBB,,,Number Box (Decimal),Total Trials,,,,,,N,,N,N,,,,,0,,,,,Identification,"{""fieldHide"":""N""}",Y,,,,,,,,,,,Y,N,N,N,N,,N,,,,N,N,,,N,N,,N,N,N,STANDARD,,,N,,N,N,,,,,,N,,,,"{""ITEM_GROUPS_OID"":[""IG_398349_9""],""ITEM_OID"":[""I_474359_IDENTIFICATIONTOTALTRIALS""],""SECTION_OID"":[""S_24037""]}",,,,N,,N,N,N
IdentificationTotalResponses,Cogstate Battery CRF - CBB,,,Number Box (Decimal),Total Responses,,,,,,N,,N,N,,,,,0,,,,,Identification,"{""fieldHide"":""N""}",Y,,,,,,,,,,,Y,N,N,N,N,,N,,,,N,N,,,N,N,,N,N,N,STANDARD,,,N,,N,N,,,,,,N,,,,"{""ITEM_GROUPS_OID"":[""IG_398352_10""],""ITEM_OID"":[""I_474363_IDENTIFICATIONTOTALRESPONSES""],""SECTION_OID"":[""S_24037""]}",,,,N,,N,N,N
IdentificationTotalCorrectExclPant,Cogstate Battery CRF - CBB,,,Number Box (Decimal),Total Correct Excl Pant,,,,,,N,,N,N,,,,,0,,,,,Identification,"{""fieldHide"":""N""}",Y,,,,,,,,,,,Y,N,N,N,N,,N,,,,N,N,,,N,N,,N,N,N,STANDARD,,,N,,N,N,,,,,,N,,,,"{""ITEM_GROUPS_OID"":[""IG_398356_11""],""ITEM_OID"":[""I_474367_IDENTIFICATIONTOTALCORRECTEXCLP""],""SECTION_OID"":[""S_24037""]}",,,,N,,N,N,N
IdentificationTotalCorrect,Cogstate Battery CRF - CBB,,,Number Box (Decimal),Total Correct,,,,,,N,,N,N,,,,,0,,,,,Identification,"{""fieldHide"":""N""}",Y,,,,,,,,,,,Y,N,N,N,N,,N,,,,N,N,,,N,N,,N,N,N,STANDARD,,,N,,N,N,,,,,,N,,,,"{""ITEM_GROUPS_OID"":[""IG_398358_12""],""ITEM_OID"":[""I_474369_IDENTIFICATIONTOTALCORRECT""],""SECTION_OID"":[""S_24037""]}",,,,N,,N,N,N
IdentificationTotalErrors,Cogstate Battery CRF - CBB,,,Number Box (Decimal),Total Errors,,,,,,N,,N,N,,,,,0,,,,,Identification,"{""fieldHide"":""N""}",Y,,,,,,,,,,,Y,N,N,N,N,,N,,,,N,N,,,N,N,,N,N,N,STANDARD,,,N,,N,N,,,,,,N,,,,"{""ITEM_GROUPS_OID"":[""IG_398361_13""],""ITEM_OID"":[""I_474373_IDENTIFICATIONTOTALERRORS""],""SECTION_OID"":[""S_24037""]}",,,,N,,N,N,N
IdentificationLegalErrors,Cogstate Battery CRF - CBB,,,Number Box (Decimal),Legal Errors,,,,,,N,,N,N,,,,,0,,,,,Identification,"{""fieldHide"":""N""}",Y,,,,,,,,,,,Y,N,N,N,N,,N,,,,N,N,,,N,N,,N,N,N,STANDARD,,,N,,N,N,,,,,,N,,,,"{""ITEM_GROUPS_OID"":[""IG_398366_14""],""ITEM_OID"":[""I_474377_IDENTIFICATIONLEGALERRORS""],""SECTION_OID"":[""S_24037""]}",,,,N,,N,N,N
IdentificationRuleBreakErrors,Cogstate Battery CRF - CBB,,,Number Box (Decimal),Rule Break Errors,,,,,,N,,N,N,,,,,0,,,,,Identification,"{""fieldHide"":""N""}",Y,,,,,,,,,,,Y,N,N,N,N,,N,,,,N,N,,,N,N,,N,N,N,STANDARD,,,N,,N,N,,,,,,N,,,,"{""ITEM_GROUPS_OID"":[""IG_398370_15""],""ITEM_OID"":[""I_474381_IDENTIFICATIONRULEBREAKERRORS""],""SECTION_OID"":[""S_24037""]}",,,,N,,N,N,N
IdentificationTotalAnticipatory,Cogstate Battery CRF - CBB,,,Number Box (Decimal),Total Anticipatory,,,,,,N,,N,N,,,,,0,,,,,Identification,"{""fieldHide"":""N""}",Y,,,,,,,,,,,Y,N,N,N,N,,N,,,,N,N,,,N,N,,N,N,N,STANDARD,,,N,,N,N,,,,,,N,,,,"{""ITEM_GROUPS_OID"":[""IG_398374_16""],""ITEM_OID"":[""I_474385_IDENTIFICATIONTOTALANTICIPATORY""],""SECTION_OID"":[""S_24037""]}",,,,N,,N,N,N
IdentificationTotalPost,Cogstate Battery CRF - CBB,,,Number Box (Decimal),Total Post,,,,,,N,,N,N,,,,,0,,,,,Identification,"{""fieldHide"":""N""}",Y,,,,,,,,,,,Y,N,N,N,N,,N,,,,N,N,,,N,N,,N,N,N,STANDARD,,,N,,N,N,,,,,,N,,,,"{""ITEM_GROUPS_OID"":[""IG_398378_17""],""ITEM_OID"":[""I_474389_IDENTIFICATIONTOTALPOST""],""SECTION_OID"":[""S_24037""]}",,,,N,,N,N,N
IdentificationTotalMaxOut,Cogstate Battery CRF - CBB,,,Number Box (Decimal),Total Max Out,,,,,,N,,N,N,,,,,0,,,,,Identification,"{""fieldHide"":""N""}",Y,,,,,,,,,,,Y,N,N,N,N,,N,,,,N,N,,,N,N,,N,N,N,STANDARD,,,N,,N,N,,,,,,N,,,,"{""ITEM_GROUPS_OID"":[""IG_398382_18""],""ITEM_OID"":[""I_474393_IDENTIFICATIONTOTALMAXOUT""],""SECTION_OID"":[""S_24037""]}",,,,N,,N,N,N
IdentificationTestDuration,Cogstate Battery CRF - CBB,,,Number Box (Decimal),Test Duration,,,,,,N,,N,N,,,,,0,,,,,Identification,"{""fieldHide"":""N""}",Y,,,,,,,,,,,Y,N,N,N,N,,N,,,,N,N,,,N,N,,N,N,N,STANDARD,,,N,,N,N,,,,,,N,,,,"{""ITEM_GROUPS_OID"":[""IG_398386_19""],""ITEM_OID"":[""I_474397_IDENTIFICATIONTESTDURATION""],""SECTION_OID"":[""S_24037""]}",,,,N,,N,N,N
IdentificationTestCompletion,Cogstate Battery CRF - CBB,,,Number Box (Decimal),Test Completion Pass,,,,,,N,,N,N,,,,,0,,,,,Identification,"{""fieldHide"":""N""}",Y,,,,,,,,,,,Y,N,N,N,N,,N,,,,N,N,,,N,N,,N,N,N,STANDARD,,,N,,N,N,,,,,,N,,,,"{""ITEM_GROUPS_OID"":[""IG_398390_20""],""ITEM_OID"":[""I_474400_IDENTIFICATIONTESTCOMPLETION""],""SECTION_OID"":[""S_24037""]}",,,,N,,N,N,N
IdentificationTestPerformance,Cogstate Battery CRF - CBB,,,Number Box (Decimal),Test Performance Pass,,,,,,N,,N,N,,,,,0,,,,,Identification,"{""fieldHide"":""N""}",Y,,,,,,,,,,,Y,N,N,N,N,,N,,,,N,N,,,N,N,,N,N,N,STANDARD,,,N,,N,N,,,,,,N,,,,"{""ITEM_GROUPS_OID"":[""IG_398394_21""],""ITEM_OID"":[""I_474405_IDENTIFICATIONTESTPERFORMANCE""],""SECTION_OID"":[""S_24037""]}",,,,N,,N,N,N
IdentificationStandardScoreZ,Cogstate Battery CRF - CBB,,,Number Box (Decimal),Standard Score Z,,,,,,N,,N,N,,,,,0,,,,,Identification,"{""fieldHide"":""N""}",Y,,,,,,,,,,,Y,N,N,N,N,,N,,,,N,N,,,N,N,,N,N,N,STANDARD,,,N,,N,N,,,,,,N,,,,"{""ITEM_GROUPS_OID"":[""IG_398397_22""],""ITEM_OID"":[""I_474409_IDENTIFICATIONSTANDARDSCOREZ""],""SECTION_OID"":[""S_24037""]}",,,,N,,N,N,N
IdentificationStandardScoreT,Cogstate Battery CRF - CBB,,,Number Box (Decimal),Standard Score T,,,,,,N,,N,N,,,,,0,,,,,Identification,"{""fieldHide"":""N""}",Y,,,,,,,,,,,Y,N,N,N,N,,N,,,,N,N,,,N,N,,N,N,N,STANDARD,,,N,,N,N,,,,,,N,,,,"{""ITEM_GROUPS_OID"":[""IG_398400_23""],""ITEM_OID"":[""I_474411_IDENTIFICATIONSTANDARDSCORET""],""SECTION_OID"":[""S_24037""]}",,,,N,,N,N,N
IdentificationChangeScore,Cogstate Battery CRF - CBB,,,Number Box (Decimal),Change Score,,,,,,N,,N,N,,,,,0,,,,,Identification,"{""fieldHide"":""N""}",Y,,,,,,,,,,,Y,N,N,N,N,,N,,,,N,N,,,N,N,,N,N,N,STANDARD,,,N,,N,N,,,,,,N,,,,"{""ITEM_GROUPS_OID"":[""IG_398402_24""],""ITEM_OID"":[""I_474414_IDENTIFICATIONCHANGESCORE""],""SECTION_OID"":[""S_24037""]}",,,,N,,N,N,N
IdentificationTestVersion,Cogstate Battery CRF - CBB,,,text,Test Version,,,,,,N,,N,N,,,,,0,,,,,Identification,"{""fieldHide"":""N""}",Y,,,,,,,,,,,Y,N,N,N,N,,N,,,,N,N,,,N,N,,N,N,N,STANDARD,,,N,,N,N,,,,,,N,,,,"{""ITEM_GROUPS_OID"":[""IG_398405_25""],""ITEM_OID"":[""I_474417_IDENTIFICATIONTESTVERSION""],""SECTION_OID"":[""S_24037""]}",,,,N,,N,N,N
IdentificationTestPhase,Cogstate Battery CRF - CBB,,,text,Test Phase,,,,,,N,,N,N,,,,,0,,,,,Identification,"{""fieldHide"":""N""}",Y,,,,,,,,,,,Y,N,N,N,N,,N,,,,N,N,,,N,N,,N,N,N,STANDARD,,,N,,N,N,,,,,,N,,,,"{""ITEM_GROUPS_OID"":[""IG_398410_26""],""ITEM_OID"":[""I_474421_IDENTIFICATIONTESTPHASE""],""SECTION_OID"":[""S_24037""]}",,,,N,,N,N,N
OneCardLearningPrimaryOutcome,Cogstate Battery CRF - CBB,,,calc,One Card Learning Primary Outcome,,,,,,N,,N,N,,,,,0,,,,,One Card Learning,"{""fieldHide"":""N""}",Y,[OneCardLearningAccuracy],,,,,,,,,,Y,N,N,N,N,,N,,,,N,N,,,N,N,,N,N,N,STANDARD,,,N,,N,N,,,,,,N,,,,"{""ITEM_GROUPS_OID"":[""IG_398308_2""],""ITEM_OID"":[""I_474311_ONECARDLEARNINGPRIMARYOUTCOME""],""SECTION_OID"":[""S_24038""]}",,,,N,,N,N,N
OneCardLearningReactionTime,Cogstate Battery CRF - CBB,,,Number Box (Decimal),Reaction Time,,,,,,N,,N,N,,,,,0,,,,,One Card Learning,"{""fieldHide"":""N""}",Y,,,,,,,,,,,Y,N,N,N,N,,N,,,,N,N,,,N,N,,N,N,N,STANDARD,,,N,,N,N,,,,,,N,,,,"{""ITEM_GROUPS_OID"":[""IG_398313_3""],""ITEM_OID"":[""I_474321_ONECARDLEARNINGREACTIONTIME""],""SECTION_OID"":[""S_24038""]}",,,,N,,N,N,N
OneCardLearningRawReactionTime,Cogstate Battery CRF - CBB,,,Number Box (Decimal),Raw Reaction Time,,,,,,N,,N,N,,,,,0,,,,,One Card Learning,"{""fieldHide"":""N""}",Y,,,,,,,,,,,Y,N,N,N,N,,N,,,,N,N,,,N,N,,N,N,N,STANDARD,,,N,,N,N,,,,,,N,,,,"{""ITEM_GROUPS_OID"":[""IG_398315_4""],""ITEM_OID"":[""I_474325_ONECARDLEARNINGRAWREACTIONTIME""],""SECTION_OID"":[""S_24038""]}",,,,N,,N,N,N
OneCardLearningRTVariability,Cogstate Battery CRF - CBB,,,Number Box (Decimal),RT Variability,,,,,,N,,N,N,,,,,0,,,,,One Card Learning,"{""fieldHide"":""N""}",Y,,,,,,,,,,,Y,N,N,N,N,,N,,,,N,N,,,N,N,,N,N,N,STANDARD,,,N,,N,N,,,,,,N,,,,"{""ITEM_GROUPS_OID"":[""IG_398317_5""],""ITEM_OID"":[""I_474329_ONECARDLEARNINGRTVARIABILITY""],""SECTION_OID"":[""S_24038""]}",,,,N,,N,N,N
OneCardLearningRawRTVariability,Cogstate Battery CRF - CBB,,,Number Box (Decimal),Raw RT Variability,,,,,,N,,N,N,,,,,0,,,,,One Card Learning,"{""fieldHide"":""N""}",Y,,,,,,,,,,,Y,N,N,N,N,,N,,,,N,N,,,N,N,,N,N,N,STANDARD,,,N,,N,N,,,,,,N,,,,"{""ITEM_GROUPS_OID"":[""IG_398320_6""],""ITEM_OID"":[""I_474333_ONECARDLEARNINGRAWRTVARIABILITY""],""SECTION_OID"":[""S_24038""]}",,,,N,,N,N,N
OneCardLearningAccuracy,Cogstate Battery CRF - CBB,,,Number Box (Decimal),Accuracy,,,,,,N,,N,N,,,,,0,,,,,One Card Learning,"{""fieldHide"":""N""}",Y,,,,,,,,,,,Y,N,N,N,N,,N,,,,N,N,,,N,N,,N,N,N,STANDARD,,,N,,N,N,,,,,,N,,,,"{""ITEM_GROUPS_OID"":[""IG_398323_7""],""ITEM_OID"":[""I_474335_ONECARDLEARNINGACCURACY""],""SECTION_OID"":[""S_24038""]}",,,,N,,N,N,N
OneCardLearningRawAccuracy,Cogstate Battery CRF - CBB,,,Number Box (Decimal),Raw Accuracy,,,,,,N,,N,N,,,,,0,,,,,One Card Learning,"{""fieldHide"":""N""}",Y,,,,,,,,,,,Y,N,N,N,N,,N,,,,N,N,,,N,N,,N,N,N,STANDARD,,,N,,N,N,,,,,,N,,,,"{""ITEM_GROUPS_OID"":[""IG_398325_8""],""ITEM_OID"":[""I_474339_ONECARDLEARNINGRAWACCURACY""],""SECTION_OID"":[""S_24038""]}",,,,N,,N,N,N
OneCardLearningTotalTrials,Cogstate Battery CRF - CBB,,,Number Box (Decimal),Total Trials,,,,,,N,,N,N,,,,,0,,,,,One Card Learning,"{""fieldHide"":""N""}",Y,,,,,,,,,,,Y,N,N,N,N,,N,,,,N,N,,,N,N,,N,N,N,STANDARD,,,N,,N,N,,,,,,N,,,,"{""ITEM_GROUPS_OID"":[""IG_398332_9""],""ITEM_OID"":[""I_474341_ONECARDLEARNINGTOTALTRIALS""],""SECTION_OID"":[""S_24038""]}",,,,N,,N,N,N
OneCardLearningTotalResponses,Cogstate Battery CRF - CBB,,,Number Box (Decimal),Total Responses,,,,,,N,,N,N,,,,,0,,,,,One Card Learning,"{""fieldHide"":""N""}",Y,,,,,,,,,,,Y,N,N,N,N,,N,,,,N,N,,,N,N,,N,N,N,STANDARD,,,N,,N,N,,,,,,N,,,,"{""ITEM_GROUPS_OID"":[""IG_398336_10""],""ITEM_OID"":[""I_474348_ONECARDLEARNINGTOTALRESPONSES""],""SECTION_OID"":[""S_24038""]}",,,,N,,N,N,N
OneCardLearningTotalCorrectExclPant,Cogstate Battery CRF - CBB,,,Number Box (Decimal),Total Correct Excl Pant,,,,,,N,,N,N,,,,,0,,,,,One Card Learning,"{""fieldHide"":""N""}",Y,,,,,,,,,,,Y,N,N,N,N,,N,,,,N,N,,,N,N,,N,N,N,STANDARD,,,N,,N,N,,,,,,N,,,,"{""ITEM_GROUPS_OID"":[""IG_398342_11""],""ITEM_OID"":[""I_474352_ONECARDLEARNINGTOTALCORRECTEXCL""],""SECTION_OID"":[""S_24038""]}",,,,N,,N,N,N
OneCardLearningTotalCorrect,Cogstate Battery CRF - CBB,,,Number Box (Decimal),Total Correct,,,,,,N,,N,N,,,,,0,,,,,One Card Learning,"{""fieldHide"":""N""}",Y,,,,,,,,,,,Y,N,N,N,N,,N,,,,N,N,,,N,N,,N,N,N,STANDARD,,,N,,N,N,,,,,,N,,,,"{""ITEM_GROUPS_OID"":[""IG_398346_12""],""ITEM_OID"":[""I_474358_ONECARDLEARNINGTOTALCORRECT""],""SECTION_OID"":[""S_24038""]}",,,,N,,N,N,N
OneCardLearningTotalErrors,Cogstate Battery CRF - CBB,,,Number Box (Decimal),Total Errors,,,,,,N,,N,N,,,,,0,,,,,One Card Learning,"{""fieldHide"":""N""}",Y,,,,,,,,,,,Y,N,N,N,N,,N,,,,N,N,,,N,N,,N,N,N,STANDARD,,,N,,N,N,,,,,,N,,,,"{""ITEM_GROUPS_OID"":[""IG_398350_13""],""ITEM_OID"":[""I_474361_ONECARDLEARNINGTOTALERRORS""],""SECTION_OID"":[""S_24038""]}",,,,N,,N,N,N
OneCardLearningLegalErrors,Cogstate Battery CRF - CBB,,,Number Box (Decimal),Legal Errors,,,,,,N,,N,N,,,,,0,,,,,One Card Learning,"{""fieldHide"":""N""}",Y,,,,,,,,,,,Y,N,N,N,N,,N,,,,N,N,,,N,N,,N,N,N,STANDARD,,,N,,N,N,,,,,,N,,,,"{""ITEM_GROUPS_OID"":[""IG_398354_14""],""ITEM_OID"":[""I_474365_ONECARDLEARNINGLEGALERRORS""],""SECTION_OID"":[""S_24038""]}",,,,N,,N,N,N
OneCardLearningRuleBreakErrors,Cogstate Battery CRF - CBB,,,Number Box (Decimal),Rule Break Errors,,,,,,N,,N,N,,,,,0,,,,,One Card Learning,"{""fieldHide"":""N""}",Y,,,,,,,,,,,Y,N,N,N,N,,N,,,,N,N,,,N,N,,N,N,N,STANDARD,,,N,,N,N,,,,,,N,,,,"{""ITEM_GROUPS_OID"":[""IG_398360_15""],""ITEM_OID"":[""I_474370_ONECARDLEARNINGRULEBREAKERRORS""],""SECTION_OID"":[""S_24038""]}",,,,N,,N,N,N
OneCardLearningTotalAnticipatory,Cogstate Battery CRF - CBB,,,Number Box (Decimal),Total Anticipatory,,,,,,N,,N,N,,,,,0,,,,,One Card Learning,"{""fieldHide"":""N""}",Y,,,,,,,,,,,Y,N,N,N,N,,N,,,,N,N,,,N,N,,N,N,N,STANDARD,,,N,,N,N,,,,,,N,,,,"{""ITEM_GROUPS_OID"":[""IG_398363_16""],""ITEM_OID"":[""I_474374_ONECARDLEARNINGTOTALANTICIPATOR""],""SECTION_OID"":[""S_24038""]}",,,,N,,N,N,N
OneCardLearningTotalPost,Cogstate Battery CRF - CBB,,,Number Box (Decimal),Total Post,,,,,,N,,N,N,,,,,0,,,,,One Card Learning,"{""fieldHide"":""N""}",Y,,,,,,,,,,,Y,N,N,N,N,,N,,,,N,N,,,N,N,,N,N,N,STANDARD,,,N,,N,N,,,,,,N,,,,"{""ITEM_GROUPS_OID"":[""IG_398367_17""],""ITEM_OID"":[""I_474378_ONECARDLEARNINGTOTALPOST""],""SECTION_OID"":[""S_24038""]}",,,,N,,N,N,N
OneCardLearningTestDuration,Cogstate Battery CRF - CBB,,,Number Box (Decimal),Test Duration,,,,,,N,,N,N,,,,,0,,,,,One Card Learning,"{""fieldHide"":""N""}",Y,,,,,,,,,,,Y,N,N,N,N,,N,,,,N,N,,,N,N,,N,N,N,STANDARD,,,N,,N,N,,,,,,N,,,,"{""ITEM_GROUPS_OID"":[""IG_398371_18""],""ITEM_OID"":[""I_474382_ONECARDLEARNINGTESTDURATION""],""SECTION_OID"":[""S_24038""]}",,,,N,,N,N,N
OneCardLearningTestCompletion,Cogstate Battery CRF - CBB,,,Number Box (Decimal),Test Completion Pass,,,,,,N,,N,N,,,,,0,,,,,One Card Learning,"{""fieldHide"":""N""}",Y,,,,,,,,,,,Y,N,N,N,N,,N,,,,N,N,,,N,N,,N,N,N,STANDARD,,,N,,N,N,,,,,,N,,,,"{""ITEM_GROUPS_OID"":[""IG_398377_19""],""ITEM_OID"":[""I_474388_ONECARDLEARNINGTESTCOMPLETION""],""SECTION_OID"":[""S_24038""]}",,,,N,,N,N,N
OneCardLearningTestPerformance,Cogstate Battery CRF - CBB,,,Number Box (Decimal),Test Performance Pass,,,,,,N,,N,N,,,,,0,,,,,One Card Learning,"{""fieldHide"":""N""}",Y,,,,,,,,,,,Y,N,N,N,N,,N,,,,N,N,,,N,N,,N,N,N,STANDARD,,,N,,N,N,,,,,,N,,,,"{""ITEM_GROUPS_OID"":[""IG_398380_20""],""ITEM_OID"":[""I_474391_ONECARDLEARNINGTESTPERFORMANCE""],""SECTION_OID"":[""S_24038""]}",,,,N,,N,N,N
OneCardLearningStandardScoreZ,Cogstate Battery CRF - CBB,,,Number Box (Decimal),Standard Score Z,,,,,,N,,N,N,,,,,0,,,,,One Card Learning,"{""fieldHide"":""N""}",Y,,,,,,,,,,,Y,N,N,N,N,,N,,,,N,N,,,N,N,,N,N,N,STANDARD,,,N,,N,N,,,,,,N,,,,"{""ITEM_GROUPS_OID"":[""IG_398384_21""],""ITEM_OID"":[""I_474394_ONECARDLEARNINGSTANDARDSCOREZ""],""SECTION_OID"":[""S_24038""]}",,,,N,,N,N,N
OneCardLearningStandardScoreT,Cogstate Battery CRF - CBB,,,Number Box (Decimal),Standard Score T,,,,,,N,,N,N,,,,,0,,,,,One Card Learning,"{""fieldHide"":""N""}",Y,,,,,,,,,,,Y,N,N,N,N,,N,,,,N,N,,,N,N,,N,N,N,STANDARD,,,N,,N,N,,,,,,N,,,,"{""ITEM_GROUPS_OID"":[""IG_398388_22""],""ITEM_OID"":[""I_474399_ONECARDLEARNINGSTANDARDSCORET""],""SECTION_OID"":[""S_24038""]}",,,,N,,N,N,N
OneCardLearningChangeScore,Cogstate Battery CRF - CBB,,,Number Box (Decimal),Change Score,,,,,,N,,N,N,,,,,0,,,,,One Card Learning,"{""fieldHide"":""N""}",Y,,,,,,,,,,,Y,N,N,N,N,,N,,,,N,N,,,N,N,,N,N,N,STANDARD,,,N,,N,N,,,,,,N,,,,"{""ITEM_GROUPS_OID"":[""IG_398392_23""],""ITEM_OID"":[""I_474403_ONECARDLEARNINGCHANGESCORE""],""SECTION_OID"":[""S_24038""]}",,,,N,,N,N,N
OneCardLearningTestVersion,Cogstate Battery CRF - CBB,,,text,Test Version,,,,,,N,,N,N,,,,,0,,,,,One Card Learning,"{""fieldHide"":""N""}",Y,,,,,,,,,,,Y,N,N,N,N,,N,,,,N,N,,,N,N,,N,N,N,STANDARD,,,N,,N,N,,,,,,N,,,,"{""ITEM_GROUPS_OID"":[""IG_398396_24""],""ITEM_OID"":[""I_474407_ONECARDLEARNINGTESTVERSION""],""SECTION_OID"":[""S_24038""]}",,,,N,,N,N,N
OneCardLearningTestPhase,Cogstate Battery CRF - CBB,,,text,Test Phase,,,,,,N,,N,N,,,,,0,,,,,One Card Learning,"{""fieldHide"":""N""}",Y,,,,,,,,,,,Y,N,N,N,N,,N,,,,N,N,,,N,N,,N,N,N,STANDARD,,,N,,N,N,,,,,,N,,,,"{""ITEM_GROUPS_OID"":[""IG_398399_25""],""ITEM_OID"":[""I_474410_ONECARDLEARNINGTESTPHASE""],""SECTION_OID"":[""S_24038""]}",,,,N,,N,N,N
OneBackPrimaryOutcome,Cogstate Battery CRF - CBB,,,calc,One Back Primary Outcome,,,,,,N,,N,N,,,,,0,,,,,One Back,"{""fieldHide"":""N""}",Y,[OneBackReactionTime],,,,,,,,,,Y,N,N,N,N,,N,,,,N,N,,,N,N,,N,N,N,STANDARD,,,N,,N,N,,,,,,N,,,,"{""ITEM_GROUPS_OID"":[""IG_398306_2""],""ITEM_OID"":[""I_474316_ONEBACKPRIMARYOUTCOME""],""SECTION_OID"":[""S_24039""]}",,,,N,,N,N,N
OneBackReactionTime,Cogstate Battery CRF - CBB,,,Number Box (Decimal),Reaction Time,,,,,,N,,N,N,,,,,0,,,,,One Back,"{""fieldHide"":""N""}",Y,,,,,,,,,,,Y,N,N,N,N,,N,,,,N,N,,,N,N,,N,N,N,STANDARD,,,N,,N,N,,,,,,N,,,,"{""ITEM_GROUPS_OID"":[""IG_398314_3""],""ITEM_OID"":[""I_474319_ONEBACKREACTIONTIME""],""SECTION_OID"":[""S_24039""]}",,,,N,,N,N,N
OneBackRawReactionTime,Cogstate Battery CRF - CBB,,,Number Box (Decimal),Raw Reaction Time,,,,,,N,,N,N,,,,,0,,,,,One Back,"{""fieldHide"":""N""}",Y,,,,,,,,,,,Y,N,N,N,N,,N,,,,N,N,,,N,N,,N,N,N,STANDARD,,,N,,N,N,,,,,,N,,,,"{""ITEM_GROUPS_OID"":[""IG_398316_4""],""ITEM_OID"":[""I_474326_ONEBACKRAWREACTIONTIME""],""SECTION_OID"":[""S_24039""]}",,,,N,,N,N,N
OneBackRTVariability,Cogstate Battery CRF - CBB,,,Number Box (Decimal),RT Variability,,,,,,N,,N,N,,,,,0,,,,,One Back,"{""fieldHide"":""N""}",Y,,,,,,,,,,,Y,N,N,N,N,,N,,,,N,N,,,N,N,,N,N,N,STANDARD,,,N,,N,N,,,,,,N,,,,"{""ITEM_GROUPS_OID"":[""IG_398318_5""],""ITEM_OID"":[""I_474330_ONEBACKRTVARIABILITY""],""SECTION_OID"":[""S_24039""]}",,,,N,,N,N,N
OneBackRawRTVariability,Cogstate Battery CRF - CBB,,,Number Box (Decimal),Raw RT Variability,,,,,,N,,N,N,,,,,0,,,,,One Back,"{""fieldHide"":""N""}",Y,,,,,,,,,,,Y,N,N,N,N,,N,,,,N,N,,,N,N,,N,N,N,STANDARD,,,N,,N,N,,,,,,N,,,,"{""ITEM_GROUPS_OID"":[""IG_398321_6""],""ITEM_OID"":[""I_474334_ONEBACKRAWRTVARIABILITY""],""SECTION_OID"":[""S_24039""]}",,,,N,,N,N,N
OneBackAccuracy,Cogstate Battery CRF - CBB,,,Number Box (Decimal),Accuracy,,,,,,N,,N,N,,,,,0,,,,,One Back,"{""fieldHide"":""N""}",Y,,,,,,,,,,,Y,N,N,N,N,,N,,,,N,N,,,N,N,,N,N,N,STANDARD,,,N,,N,N,,,,,,N,,,,"{""ITEM_GROUPS_OID"":[""IG_398326_7""],""ITEM_OID"":[""I_474337_ONEBACKACCURACY""],""SECTION_OID"":[""S_24039""]}",,,,N,,N,N,N
OneBackRawAccuracy,Cogstate Battery CRF - CBB,,,Number Box (Decimal),Raw Accuracy,,,,,,N,,N,N,,,,,0,,,,,One Back,"{""fieldHide"":""N""}",Y,,,,,,,,,,,Y,N,N,N,N,,N,,,,N,N,,,N,N,,N,N,N,STANDARD,,,N,,N,N,,,,,,N,,,,"{""ITEM_GROUPS_OID"":[""IG_398330_8""],""ITEM_OID"":[""I_474342_ONEBACKRAWACCURACY""],""SECTION_OID"":[""S_24039""]}",,,,N,,N,N,N
OneBackTotalTrials,Cogstate Battery CRF - CBB,,,Number Box (Decimal),Total Trials,,,,,,N,,N,N,,,,,0,,,,,One Back,"{""fieldHide"":""N""}",Y,,,,,,,,,,,Y,N,N,N,N,,N,,,,N,N,,,N,N,,N,N,N,STANDARD,,,N,,N,N,,,,,,N,,,,"{""ITEM_GROUPS_OID"":[""IG_398338_9""],""ITEM_OID"":[""I_474347_ONEBACKTOTALTRIALS""],""SECTION_OID"":[""S_24039""]}",,,,N,,N,N,N
OneBackTotalResponses,Cogstate Battery CRF - CBB,,,Number Box (Decimal),Total Responses,,,,,,N,,N,N,,,,,0,,,,,One Back,"{""fieldHide"":""N""}",Y,,,,,,,,,,,Y,N,N,N,N,,N,,,,N,N,,,N,N,,N,N,N,STANDARD,,,N,,N,N,,,,,,N,,,,"{""ITEM_GROUPS_OID"":[""IG_398344_10""],""ITEM_OID"":[""I_474353_ONEBACKTOTALRESPONSES""],""SECTION_OID"":[""S_24039""]}",,,,N,,N,N,N
OneBackTotalCorrectExclPant,Cogstate Battery CRF - CBB,,,Number Box (Decimal),Total Correct Excl Pant,,,,,,N,,N,N,,,,,0,,,,,One Back,"{""fieldHide"":""N""}",Y,,,,,,,,,,,Y,N,N,N,N,,N,,,,N,N,,,N,N,,N,N,N,STANDARD,,,N,,N,N,,,,,,N,,,,"{""ITEM_GROUPS_OID"":[""IG_398347_11""],""ITEM_OID"":[""I_474357_ONEBACKTOTALCORRECTEXCLPANT""],""SECTION_OID"":[""S_24039""]}",,,,N,,N,N,N
OneBackTotalCorrect,Cogstate Battery CRF - CBB,,,Number Box (Decimal),Total Correct,,,,,,N,,N,N,,,,,0,,,,,One Back,"{""fieldHide"":""N""}",Y,,,,,,,,,,,Y,N,N,N,N,,N,,,,N,N,,,N,N,,N,N,N,STANDARD,,,N,,N,N,,,,,,N,,,,"{""ITEM_GROUPS_OID"":[""IG_398351_12""],""ITEM_OID"":[""I_474362_ONEBACKTOTALCORRECT""],""SECTION_OID"":[""S_24039""]}",,,,N,,N,N,N
OneBackTotalErrors,Cogstate Battery CRF - CBB,,,Number Box (Decimal),Total Errors,,,,,,N,,N,N,,,,,0,,,,,One Back,"{""fieldHide"":""N""}",Y,,,,,,,,,,,Y,N,N,N,N,,N,,,,N,N,,,N,N,,N,N,N,STANDARD,,,N,,N,N,,,,,,N,,,,"{""ITEM_GROUPS_OID"":[""IG_398355_13""],""ITEM_OID"":[""I_474366_ONEBACKTOTALERRORS""],""SECTION_OID"":[""S_24039""]}",,,,N,,N,N,N
OneBackLegalErrors,Cogstate Battery CRF - CBB,,,Number Box (Decimal),Legal Errors,,,,,,N,,N,N,,,,,0,,,,,One Back,"{""fieldHide"":""N""}",Y,,,,,,,,,,,Y,N,N,N,N,,N,,,,N,N,,,N,N,,N,N,N,STANDARD,,,N,,N,N,,,,,,N,,,,"{""ITEM_GROUPS_OID"":[""IG_398359_14""],""ITEM_OID"":[""I_474371_ONEBACKLEGALERRORS""],""SECTION_OID"":[""S_24039""]}",,,,N,,N,N,N
OneBackRuleBreakErrors,Cogstate Battery CRF - CBB,,,Number Box (Decimal),Rule Break Errors,,,,,,N,,N,N,,,,,0,,,,,One Back,"{""fieldHide"":""N""}",Y,,,,,,,,,,,Y,N,N,N,N,,N,,,,N,N,,,N,N,,N,N,N,STANDARD,,,N,,N,N,,,,,,N,,,,"{""ITEM_GROUPS_OID"":[""IG_398364_15""],""ITEM_OID"":[""I_474375_ONEBACKRULEBREAKERRORS""],""SECTION_OID"":[""S_24039""]}",,,,N,,N,N,N
OneBackTotalAnticipatory,Cogstate Battery CRF - CBB,,,Number Box (Decimal),Total Anticipatory,,,,,,N,,N,N,,,,,0,,,,,One Back,"{""fieldHide"":""N""}",Y,,,,,,,,,,,Y,N,N,N,N,,N,,,,N,N,,,N,N,,N,N,N,STANDARD,,,N,,N,N,,,,,,N,,,,"{""ITEM_GROUPS_OID"":[""IG_398368_16""],""ITEM_OID"":[""I_474379_ONEBACKTOTALANTICIPATORY""],""SECTION_OID"":[""S_24039""]}",,,,N,,N,N,N
OneBackTotalPost,Cogstate Battery CRF - CBB,,,Number Box (Decimal),Total Post,,,,,,N,,N,N,,,,,0,,,,,One Back,"{""fieldHide"":""N""}",Y,,,,,,,,,,,Y,N,N,N,N,,N,,,,N,N,,,N,N,,N,N,N,STANDARD,,,N,,N,N,,,,,,N,,,,"{""ITEM_GROUPS_OID"":[""IG_398372_17""],""ITEM_OID"":[""I_474383_ONEBACKTOTALPOST""],""SECTION_OID"":[""S_24039""]}",,,,N,,N,N,N
OneBackTotalMaxOut,Cogstate Battery CRF - CBB,,,Number Box (Decimal),Total Max Out,,,,,,N,,N,N,,,,,0,,,,,One Back,"{""fieldHide"":""N""}",Y,,,,,,,,,,,Y,N,N,N,N,,N,,,,N,N,,,N,N,,N,N,N,STANDARD,,,N,,N,N,,,,,,N,,,,"{""ITEM_GROUPS_OID"":[""IG_398376_18""],""ITEM_OID"":[""I_474386_ONEBACKTOTALMAXOUT""],""SECTION_OID"":[""S_24039""]}",,,,N,,N,N,N
OneBackTestDuration,Cogstate Battery CRF - CBB,,,Number Box (Decimal),Test Duration,,,,,,N,,N,N,,,,,0,,,,,One Back,"{""fieldHide"":""N""}",Y,,,,,,,,,,,Y,N,N,N,N,,N,,,,N,N,,,N,N,,N,N,N,STANDARD,,,N,,N,N,,,,,,N,,,,"{""ITEM_GROUPS_OID"":[""IG_398381_19""],""ITEM_OID"":[""I_474392_ONEBACKTESTDURATION""],""SECTION_OID"":[""S_24039""]}",,,,N,,N,N,N
OneBackTestCompletion,Cogstate Battery CRF - CBB,,,Number Box (Decimal),Test Completion Pass,,,,,,N,,N,N,,,,,0,,,,,One Back,"{""fieldHide"":""N""}",Y,,,,,,,,,,,Y,N,N,N,N,,N,,,,N,N,,,N,N,,N,N,N,STANDARD,,,N,,N,N,,,,,,N,,,,"{""ITEM_GROUPS_OID"":[""IG_398383_20""],""ITEM_OID"":[""I_474396_ONEBACKTESTCOMPLETION""],""SECTION_OID"":[""S_24039""]}",,,,N,,N,N,N
OneBackTestPerformance,Cogstate Battery CRF - CBB,,,Number Box (Decimal),Test Performance Pass,,,,,,N,,N,N,,,,,0,,,,,One Back,"{""fieldHide"":""N""}",Y,,,,,,,,,,,Y,N,N,N,N,,N,,,,N,N,,,N,N,,N,N,N,STANDARD,,,N,,N,N,,,,,,N,,,,"{""ITEM_GROUPS_OID"":[""IG_398389_21""],""ITEM_OID"":[""I_474401_ONEBACKTESTPERFORMANCE""],""SECTION_OID"":[""S_24039""]}",,,,N,,N,N,N
OneBackStandardScoreZ,Cogstate Battery CRF - CBB,,,Number Box (Decimal),Standard Score Z,,,,,,N,,N,N,,,,,0,,,,,One Back,"{""fieldHide"":""N""}",Y,,,,,,,,,,,Y,N,N,N,N,,N,,,,N,N,,,N,N,,N,N,N,STANDARD,,,N,,N,N,,,,,,N,,,,"{""ITEM_GROUPS_OID"":[""IG_398393_22""],""ITEM_OID"":[""I_474404_ONEBACKSTANDARDSCOREZ""],""SECTION_OID"":[""S_24039""]}",,,,N,,N,N,N
OneBackStandardScoreT,Cogstate Battery CRF - CBB,,,Number Box (Decimal),Standard Score T,,,,,,N,,N,N,,,,,0,,,,,One Back,"{""fieldHide"":""N""}",Y,,,,,,,,,,,Y,N,N,N,N,,N,,,,N,N,,,N,N,,N,N,N,STANDARD,,,N,,N,N,,,,,,N,,,,"{""ITEM_GROUPS_OID"":[""IG_398398_23""],""ITEM_OID"":[""I_474408_ONEBACKSTANDARDSCORET""],""SECTION_OID"":[""S_24039""]}",,,,N,,N,N,N
OneBackAltStandardScoreZ,Cogstate Battery CRF - CBB,,,Number Box (Decimal),OneBackAlternate Standard Score Z,,,,,,N,,N,N,,,,,0,,,,,One Back,"{""fieldHide"":""N""}",Y,,,,,,,,,,,Y,N,N,N,N,,N,,,,N,N,,,N,N,,N,N,N,STANDARD,,,N,,N,N,,,,,,N,,,,"{""ITEM_GROUPS_OID"":[""IG_398401_24""],""ITEM_OID"":[""I_474412_ONEBACKALTSTANDARDSCOREZ""],""SECTION_OID"":[""S_24039""]}",,,,N,,N,N,N
OneBackAltStandardScoreT,Cogstate Battery CRF - CBB,,,Number Box (Decimal),OneBackAlternate Standard Score T,,,,,,N,,N,N,,,,,0,,,,,One Back,"{""fieldHide"":""N""}",Y,,,,,,,,,,,Y,N,N,N,N,,N,,,,N,N,,,N,N,,N,N,N,STANDARD,,,N,,N,N,,,,,,N,,,,"{""ITEM_GROUPS_OID"":[""IG_398403_25""],""ITEM_OID"":[""I_474413_ONEBACKALTSTANDARDSCORET""],""SECTION_OID"":[""S_24039""]}",,,,N,,N,N,N
OneBackChangeScore,Cogstate Battery CRF - CBB,,,Number Box (Decimal),Change Score,,,,,,N,,N,N,,,,,0,,,,,One Back,"{""fieldHide"":""N""}",Y,,,,,,,,,,,Y,N,N,N,N,,N,,,,N,N,,,N,N,,N,N,N,STANDARD,,,N,,N,N,,,,,,N,,,,"{""ITEM_GROUPS_OID"":[""IG_398407_26""],""ITEM_OID"":[""I_474418_ONEBACKCHANGESCORE""],""SECTION_OID"":[""S_24039""]}",,,,N,,N,N,N
OneBackTestVersion,Cogstate Battery CRF - CBB,,,text,Test Version,,,,,,N,,N,N,,,,,0,,,,,One Back,"{""fieldHide"":""N""}",Y,,,,,,,,,,,Y,N,N,N,N,,N,,,,N,N,,,N,N,,N,N,N,STANDARD,,,N,,N,N,,,,,,N,,,,"{""ITEM_GROUPS_OID"":[""IG_398409_27""],""ITEM_OID"":[""I_474420_ONEBACKTESTVERSION""],""SECTION_OID"":[""S_24039""]}",,,,N,,N,N,N
OneBackTestPhase,Cogstate Battery CRF - CBB,,,text,Test Phase,,,,,,N,,N,N,,,,,0,,,,,One Back,"{""fieldHide"":""N""}",Y,,,,,,,,,,,Y,N,N,N,N,,N,,,,N,N,,,N,N,,N,N,N,STANDARD,,,N,,N,N,,,,,,N,,,,"{""ITEM_GROUPS_OID"":[""IG_398413_28""],""ITEM_OID"":[""I_474424_ONEBACKTESTPHASE""],""SECTION_OID"":[""S_24039""]}",,,,N,,N,N,N
PsyAttStdScr,Cogstate Battery CRF - Composite Outcomes,,,Number Box (Decimal),PsyAttStdScr,,,,,,N,,N,N,,,,,0,,,,,Composite Outcomes,"{""fieldHide"":""N""}",Y,,,,,,,,,,,Y,N,N,N,N,,N,,,,N,N,,,N,N,Lock this record for this form?,N,N,N,STANDARD,,,N,,N,N,,,,,,N,,,,,,,,,,,,
LearnWMStdScr,Cogstate Battery CRF - Composite Outcomes,,,Number Box (Decimal),LearnWMStdScr,,,,,,N,,N,N,,,,,0,,,,,Composite Outcomes,"{""fieldHide"":""N""}",Y,,,,,,,,,,,Y,N,N,N,N,,N,,,,N,N,,,N,N,Lock this record for this form?,N,N,N,STANDARD,,,N,,N,N,,,,,,N,,,,,,,,,,,,
AltLearnWMStdScr,Cogstate Battery CRF - Composite Outcomes,,,Number Box (Decimal),AltLearnWMStdScr,,,,,,N,,N,N,,,,,0,,,,,Composite Outcomes,"{""fieldHide"":""N""}",Y,,,,,,,,,,,Y,N,N,N,N,,N,,,,N,N,,,N,N,Lock this record for this form?,N,N,N,STANDARD,,,N,,N,N,,,,,,N,,,,,,,,,,,,
PsyAttChange,Cogstate Battery CRF - Composite Outcomes,,,Number Box (Decimal),PsyAttChange,,,,,,N,,N,N,,,,,0,,,,,Composite Outcomes,"{""fieldHide"":""N""}",Y,,,,,,,,,,,Y,N,N,N,N,,N,,,,N,N,,,N,N,Lock this record for this form?,N,N,N,STANDARD,,,N,,N,N,,,,,,N,,,,,,,,,,,,
LearnWMChange,Cogstate Battery CRF - Composite Outcomes,,,Number Box (Decimal),LearnWMChange,,,,,,N,,N,N,,,,,0,,,,,Composite Outcomes,"{""fieldHide"":""N""}",Y,,,,,,,,,,,Y,N,N,N,N,,N,,,,N,N,,,N,N,Lock this record for this form?,N,N,N,STANDARD,,,N,,N,N,,,,,,N,,,,,,,,,,,,
SessionCompletion,Cogstate Battery CRF - Composite Outcomes,,,Number Box (Decimal),SessionCompletion,,,,,,N,,N,N,,,,,0,,,,,Composite Outcomes,"{""fieldHide"":""N""}",Y,,,,,,,,,,,Y,N,N,N,N,,N,,,,N,N,,,N,N,Lock this record for this form?,N,N,N,STANDARD,,,N,,N,N,,,,N,N,N,,,,,,,,,,,,
SessionPerformance,Cogstate Battery CRF - Composite Outcomes,,,Number Box (Decimal),SessionPerformance,,,,,,N,,N,N,,,,,0,,,,,Composite Outcomes,"{""fieldHide"":""N""}",Y,,,,,,,,,,,Y,N,N,N,N,,N,,,,N,N,,,N,N,Lock this record for this form?,N,N,N,STANDARD,,,N,,N,N,,,,N,N,N,,,,,,,,,,,,
SessionIntegrity,Cogstate Battery CRF - Composite Outcomes,,,Number Box (Decimal),SessionIntegrity,,,,,,N,,N,N,,,,,0,,,,,Composite Outcomes,"{""fieldHide"":""N""}",Y,,,,,,,,,,,Y,N,N,N,N,,N,,,,N,N,,,N,N,Lock this record for this form?,N,N,N,STANDARD,,,N,,N,N,,,,N,N,N,,,,,,,,,,,,
SessionDuration,Cogstate Battery CRF - Composite Outcomes,,,Number Box (Decimal),SessionDuration,,,,,,N,,N,N,,,,,0,,,,,Composite Outcomes,"{""fieldHide"":""N""}",Y,,,,,,,,,,,Y,N,N,N,N,,N,,,,N,N,,,N,N,Lock this record for this form?,N,N,N,STANDARD,,,N,,N,N,,,,,,N,,,,,,,,,,,,
version2,Cogstate Battery CRF - Composite Outcomes,,,Number Box (Decimal),Version2,,,,,,N,,N,N,,,,,0,,,,,Composite Outcomes,"{""fieldHide"":""N""}",Y,,,,,,,,,,,Y,N,N,N,N,,N,,,,N,N,,,N,N,Lock this record for this form?,N,N,N,STANDARD,,,N,,N,N,,,,,,N,,,,,,,,,,,,
AssessmentAttempt,Cogstate Battery CRF - Composite Outcomes,,,Number Box (Decimal),AssessmentAttempt,,,,,,N,,N,N,,,,,0,,,,,Composite Outcomes,"{""fieldHide"":""N""}",Y,,,,,,,,,,,Y,N,N,N,N,,N,,,,N,N,,,N,N,Lock this record for this form?,N,N,N,STANDARD,,,N,,N,N,,,,,,N,,,,,,,,,,,,
TotalAttempts,Cogstate Battery CRF - Composite Outcomes,,,Number Box (Decimal),TotalAttempts,,,,,,N,,N,N,,,,,0,,,,,Composite Outcomes,"{""fieldHide"":""N""}",Y,,,,,,,,,,,Y,N,N,N,N,,N,,,,N,N,,,N,N,Lock this record for this form?,N,N,N,STANDARD,,,N,,N,N,,,,,,N,,,,,,,,,,,,
Age,Cogstate Battery CRF - Composite Outcomes,,,Number Box (Decimal),Age,,,,,,N,,N,N,,,,,0,,,,,Composite Outcomes,"{""fieldHide"":""N""}",Y,,,,,,,,,,,Y,N,N,N,N,,N,,,,N,N,,,N,N,Lock this record for this form?,N,N,N,STANDARD,,,N,,N,N,,,,,,N,,,,,,,,,,,,
SupervisorId,Cogstate Battery CRF - Composite Outcomes,,,text,SupervisorID,,,,,,N,,N,N,,,,,0,,,,,Composite Outcomes,"{""fieldHide"":""N""}",Y,,,,,,,,,,,Y,N,N,N,N,,N,,,,N,N,,,N,N,Lock this record for this form?,N,N,N,STANDARD,,,N,,N,N,,,,N,N,N,,,,,,,,,,,,
SiteId,Cogstate Battery CRF - Composite Outcomes,,,text,SiteID,,,,,,N,,N,N,,,,,0,,,,,Composite Outcomes,"{""fieldHide"":""N""}",Y,,,,,,,,,,,Y,N,N,N,N,,N,,,,N,N,,,N,N,Lock this record for this form?,N,N,N,STANDARD,,,N,,N,N,,,,N,N,N,,,,,,,,,,,,
AssessmentDate,Cogstate Battery CRF - Composite Outcomes,,,text,AssessmentDate,,,,,,N,,N,N,,,,,0,,,,,Composite Outcomes,"{""fieldHide"":""N""}",Y,,,,,,,,,,,Y,N,N,N,N,,N,,,,N,N,,,N,N,Lock this record for this form?,N,N,N,STANDARD,,,N,,N,N,,,,N,N,N,,,,,,,,,,,,
UploadedDate,Cogstate Battery CRF - Composite Outcomes,,,text,UploadedDate,,,,,,N,,N,N,,,,,0,,,,,Composite Outcomes,"{""fieldHide"":""N""}",Y,,,,,,,,,,,Y,N,N,N,N,,N,,,,N,N,,,N,N,Lock this record for this form?,N,N,N,STANDARD,,,N,,N,N,,,,N,N,N,,,,,,,,,,,,
UpdatedDate,Cogstate Battery CRF - Composite Outcomes,,,text,UpdatedDate,,,,,,N,,N,N,,,,,0,,,,,Composite Outcomes,"{""fieldHide"":""N""}",Y,,,,,,,,,,,Y,N,N,N,N,,N,,,,N,N,,,N,N,Lock this record for this form?,N,N,N,STANDARD,,,N,,N,N,,,,N,N,N,,,,,,,,,,,,
TestId,Cogstate Battery CRF - Composite Outcomes,,,text,TestID,,,,,,N,,N,N,,,,,0,,,,,Composite Outcomes,"{""fieldHide"":""N""}",Y,,,,,,,,,,,Y,N,N,N,N,,N,,,,N,N,,,N,N,Lock this record for this form?,N,N,N,STANDARD,,,N,,N,N,,,,N,N,N,,,,,,,,,,,,
